{"_timestamp":1.7585405143035939e+09,"_step":10000,"loss_curve":{"width":640,"height":480,"_type":"image-file","sha256":"c490ef72e7ee43e00cd474fece0331604391928e2b74affc3121d4fa9b89356f","size":2306,"path":"media/images/loss_curve_10000_c490ef72e7ee43e00cd4.png","format":"png"},"_wandb":{"runtime":41},"_runtime":41,"train_loss":3051.691146850586,"test_loss":2526.80224609375,"epoch":9999}