{"_wandb":{"runtime":15274},"_runtime":15274,"_step":100000,"train_loss":339.75356072187424,"test_loss":1643.5552978515625,"epoch":99999,"_timestamp":1.7585559476996312e+09,"loss_curve":{"width":640,"height":480,"_type":"image-file","sha256":"c490ef72e7ee43e00cd474fece0331604391928e2b74affc3121d4fa9b89356f","size":2306,"path":"media/images/loss_curve_100000_c490ef72e7ee43e00cd4.png","format":"png"}}